Date,Asset,Investment_Funds_Long,Investment_Funds_Short
2025-09-05,DAX,42000,19000
2025-09-05,CAC,33800,25000
2025-09-05,FTSE,55000,44500
2025-09-12,DAX,43562,19090
2025-09-12,CAC,33607,25531
2025-09-12,FTSE,56551,44698
2025-09-19,DAX,44910,19350
2025-09-19,CAC,32812,26016
2025-09-19,FTSE,57936,45259
2025-09-26,DAX,45862,19757
2025-09-26,CAC,31648,26409
2025-09-26,FTSE,59009,46095
2025-10-03,DAX,46298,20276
2025-10-03,CAC,30434,26677
2025-10-03,FTSE,59661,47073
2025-10-10,DAX,46182,20859
2025-10-10,CAC,29506,26795
2025-10-10,FTSE,59835,48041
2025-10-17,DAX,45564,21455
2025-10-17,CAC,29128,26752
2025-10-17,FTSE,59532,48844
2025-10-24,DAX,44572,22010
2025-10-24,CAC,29427,26553
2025-10-24,FTSE,58811,49356
2025-10-31,DAX,43395,22475
2025-10-31,CAC,30369,26215
2025-10-31,FTSE,57779,49496
2025-11-07,DAX,42251,22809
2025-11-07,CAC,31759,25769
2025-11-07,FTSE,56586,49242
2025-11-14,DAX,41351,22980
2025-11-14,CAC,33294,25254
2025-11-14,FTSE,55396,48635
2025-11-21,DAX,40869,22975
2025-11-21,CAC,34634,24716
2025-11-21,FTSE,54377,47769
2025-11-28,DAX,40913,22794
2025-11-28,CAC,35488,24203
2025-11-28,FTSE,53673,46782
2025-12-05,DAX,41507,22452
2025-12-05,CAC,35684,23762
2025-12-05,FTSE,53392,45829
2025-12-12,DAX,42590,21981
2025-12-12,CAC,35210,23431
2025-12-12,FTSE,53590,45062
2025-12-19,DAX,44022,21422
2025-12-19,CAC,34220,23240
2025-12-19,FTSE,54264,44600
2025-12-26,DAX,45607,20826
2025-12-26,CAC,32992,23206
2025-12-26,FTSE,55354,44518
2026-01-02,DAX,47129,20245
2026-01-02,CAC,31864,23333
2026-01-02,FTSE,56751,44827
2026-01-09,DAX,48377,19731
2026-01-09,CAC,31148,23609
2026-01-09,FTSE,58307,45480
2026-01-16,DAX,49187,19331
2026-01-16,CAC,31057,24008
2026-01-16,FTSE,59854,46372
2026-01-23,DAX,49462,19080
2026-01-23,CAC,31650,24497
2026-01-23,FTSE,61227,47364
2026-01-30,DAX,49191,19001
2026-01-30,CAC,32818,25030
2026-01-30,FTSE,62282,48299
2026-02-06,DAX,48447,19100
2026-02-06,CAC,34312,25560
2026-02-06,FTSE,62912,49028
2026-02-13,DAX,47380,19369
2026-02-13,CAC,35803,26041
2026-02-13,FTSE,63063,49438